study_hours,attendance,previous_score,assignment_marks,final_score,result
5,80,65,70,72,Pass
2,60,40,45,42,Fail
7,90,85,80,84,Pass
3,70,50,55,48,Fail
6,85,75,75,76,Pass
4,75,60,65,62,Pass
1,50,30,40,35,Fail
8,95,90,90,92,Pass
2,55,45,50,47,Fail
9,98,95,95,97,Pass
3,65,55,60,58,Fail
5,78,70,72,71,Pass
4,72,62,68,66,Pass
1,45,35,38,36,Fail
6,88,80,82,81,Pass
2,58,42,48,44,Fail
7,92,88,85,89,Pass
3,68,52,58,55,Fail
5,82,68,74,77,Pass
8,96,92,92,93,Pass
